{
    "charm": {
        "setup": 0.05122001647949219,
        "keygen": 0.09877846717834472,
        "encrypt": 0.08600785732269287,
        "decrypt": 0.22305282592773437
    },
    "custom_file": {
        "setup": 0.029258341789245607,
        "keygen": 0.11230968952178955,
        "encrypt": 0.12159261703491211,
        "decrypt": 0.03735571384429932
    },
    "custom_buffer": {
        "setup": 0,
        "keygen": 0,
        "encrypt": 0.1227699327468872,
        "decrypt": 0.023191909790039062
    }
}